"idx","login","password","email","active"
1,"koziolek1","koziolek1","koziolek1","true"
2,"koziolek2","koziolek2","koziolek2","true"
3,"koziolek3","koziolek3","koziolek3","true"
4,"koziolek4","koziolek4","koziolek4","true"
5,"koziolek5","koziolek5","koziolek5","true"
6,"koziolek6","koziolek6","koziolek6","true"
7,"koziolek7","koziolek7","koziolek7","true"
8,"koziolek8","koziolek8","koziolek8","true"
9,"koziolek9","koziolek9","koziolek9","true"
10,"koziolek10","koziolek10","koziolek10","true"
11,"koziolek11","koziolek11","koziolek11","true"
12,"koziolek12","koziolek12","koziolek12","true"
13,"koziolek13","koziolek13","koziolek13","true"
14,"koziolek14","koziolek14","koziolek14","true"
15,"koziolek15","koziolek15","koziolek15","true"
16,"koziolek16","koziolek16","koziolek16","true"
17,"koziolek17","koziolek17","koziolek17","true"
18,"koziolek18","koziolek18","koziolek18","true"
19,"koziolek19","koziolek19","koziolek19","true"
20,"koziolek20","koziolek20","koziolek20","true"
